R_m,Z_m,Br_T,Bz_T,Bp_T,Btor_T,Btotal_T
4.396986663090998,-6.670518150316674,-0.008788733231136561,-0.11328955375658277,0.11362994685457589,4.730512415377215,4.731876950731089
4.396986663090998,-6.566291305025616,-0.00846232775975158,-0.11284259307052208,0.11315945299440475,4.730512415377215,4.731865675802724
4.396986663090998,-6.462064459734559,-0.008231184661641675,-0.11220809081012151,0.11250959089867192,4.730512415377215,4.731850179378269
4.396986663090998,-6.3578376144435005,-0.008201745802591495,-0.11139679196184195,0.11169831643135997,4.730512415377215,4.7318309591458965
4.396986663090998,-6.253610769152442,-0.008395422560342106,-0.11042118838588755,0.11073988425367966,4.730512415377215,4.731808431667801
4.396986663090998,-6.149383923861385,-0.008831673463086942,-0.10929512259893806,0.1096513669776875,4.730512415377215,4.731783081917223
4.396986663090998,-6.045157078570327,-0.0095279359886732,-0.10803339470186206,0.10845273594987159,4.730512415377215,4.731755457330079
4.396986663090998,-5.9409302332792695,-0.010499647383194463,-0.10665139294468749,0.10716698284552738,4.730512415377215,4.7317261622213715
4.396986663090998,-5.836703387988211,-0.011760343530093809,-0.10516476486308415,0.10582028845478356,4.730512415377215,4.731695853019996
4.396986663090998,-5.732476542697153,-0.013321823239686129,-0.1035891420552145,0.1044422391859005,4.730512415377215,4.731665234710095
4.396986663090998,-5.628249697406096,-0.015194364014959123,-0.1019399277405225,0.10306608348803224,4.730512415377215,4.731635058793476
4.396986663090998,-5.524022852115038,-0.017386975072024916,-0.10023215262346415,0.10172900924362051,4.730512415377215,4.7316061230157
4.396986663090998,-5.419796006823979,-0.019907673950096995,-0.09848040154926961,0.10047240900570044,4.730512415377215,4.731579273034468
4.396986663090998,-5.315569161532922,-0.022763774131610386,-0.09669881113595646,0.0993420831663115,4.730512415377215,4.731555406156183
4.396986663090998,-5.211342316241864,-0.025962172397780484,-0.09490113702687648,0.09838831335380264,4.730512415377215,4.731535477225399
4.396986663090998,-5.107115470950806,-0.0295096258923398,-0.09310088856610498,0.09766572311770465,4.730512415377215,4.731520506719809
4.396986663090998,-5.0028886256597485,-0.033413009840688804,-0.09131152841444924,0.09723283626428234,4.730512415377215,4.7315115910759395
4.396986663090998,-4.89866178036869,-0.03767954742144089,-0.08954673472053318,0.09715125317253584,4.730512415377215,4.731509915241748
4.396986663090998,-4.794434935077632,-0.042317003314278054,-0.08782072374640061,0.09748440023327955,4.730512415377215,4.731516767414739
4.396986663090998,-4.690208089786575,-0.04733383187254,-0.08614863112417197,0.09829587114577364,4.730512415377215,4.731533555869839
4.396986663090998,-4.585981244495517,-0.052739269537682876,-0.08454694994682159,0.09964746507904113,4.730512415377215,4.731561827698615
4.396986663090998,-4.481754399204458,-0.05854335865022936,-0.08303402315996398,0.1015971153339445,4.730512415377215,4.731603289148632
4.396986663090998,-4.377527553913401,-0.06475688623831316,-0.08163058424368642,0.10419696060465208,4.730512415377215,4.731659827020242
4.396986663090998,-4.273300708622344,-0.07139122662481484,-0.08036032384049532,0.10749180846345899,4.730512415377215,4.7317335302111765
4.396986663090998,-4.169073863331285,-0.07845816360836944,-0.07925038407761459,0.11151819050382361,4.730512415377215,4.731826710568681
4.396986663090998,-4.064847018040227,-0.08597005632640708,-0.07833138258593524,0.11630415333336022,4.730512415377215,4.731941923578582
4.396986663090998,-3.9606201727491697,-0.09393709825189696,-0.07763519002789178,0.12186632495752635,4.730512415377215,4.732081900516582
4.396986663090998,-3.8563933274581115,-0.10226827998276707,-0.07717340847590991,0.12811922598276684,4.730512415377215,4.732247061186092
4.396986663090998,-3.7521664821670537,-0.11065526616205716,-0.0767106308468775,0.13464437906693924,4.730512415377215,4.732428216133056
4.396986663090998,-3.647939636875996,-0.11880894637094905,-0.07608070310478497,0.14108096655003993,4.730512415377215,4.732615719785484
4.396986663090998,-3.5437127915849382,-0.12659880269221088,-0.07525292295796249,0.14727613267878262,4.730512415377215,4.732804450988314
4.396986663090998,-3.43948594629388,-0.13392170106710305,-0.0742160336846065,0.1531112068810809,4.730512415377215,4.7329896211285485
4.396986663090998,-3.3352591010028223,-0.14068640341899855,-0.07296525484428928,0.15848215205967292,4.730512415377215,4.7331664142051295
4.396986663090998,-3.2310322557117646,-0.1468118786714542,-0.07150067606813104,0.1632975027281238,4.730512415377215,4.733330094810124
4.396986663090998,-3.1268054104207064,-0.15222718658077253,-0.06982632871599724,0.16747785679382163,4.730512415377215,4.733476158654887
4.396986663090998,-3.0225785651296486,-0.15687177326438959,-0.06794973580618256,0.17095590028789315,4.730512415377215,4.733600493480752
4.396986663090998,-2.918351719838591,-0.16069594493393805,-0.06588157931692229,0.17367662252445829,4.730512415377215,4.733699534322968
4.396986663090998,-2.814124874547533,-0.16366122891396187,-0.06363537343933647,0.17559743335935193,4.730512415377215,4.733770396907772
4.396986663090998,-2.709898029256475,-0.16574054848561673,-0.06122713489033173,0.1766881191795078,4.730512415377215,4.733810980964193
4.396986663090998,-2.605671183965417,-0.16691818324675126,-0.05867504132140515,0.17693060891904666,4.730512415377215,4.733820038025362
4.396986663090998,-2.501444338674359,-0.16718952375273474,-0.05599908766429719,0.176318560202549,4.730512415377215,4.733797201688078
4.396986663090998,-2.3972174933833017,-0.1665606190336638,-0.05322072996346071,0.17485675826436017,4.730512415377215,4.73374297970947
4.396986663090998,-2.2929906480922435,-0.16504752477184012,-0.05036251329331761,0.17256033199588708,4.730512415377215,4.7336587097314595
4.396986663090998,-2.1887638028011853,-0.16267548558883002,-0.0474477001959964,0.16945382222142646,4.730512415377215,4.733546483336086
4.396986663090998,-2.084536957510128,-0.15947797679696227,-0.044499905870418036,0.16557012624784853,4.730512415377215,4.733409044097468
4.396986663090998,-1.9803101122190698,-0.15549563604627992,-0.04154274806942343,0.1609493483882328,4.730512415377215,4.733249666432627
4.396986663090998,-1.8760832669280125,-0.1507751171726561,-0.03859951914467809,0.1556375881226272,4.730512415377215,4.733072022574198
4.396986663090998,-1.7718564216369543,-0.14536789859910074,-0.035692886677551106,0.14968569772190976,4.730512415377215,4.732880044976892
4.396986663090998,-1.6676295763458961,-0.13932907731600966,-0.03284462793735707,0.14314804004971224,4.730512415377215,4.732677790998247
4.396986663090998,-1.5634027310548388,-0.13271617705650857,-0.030075402115865506,0.13608127521788418,4.730512415377215,4.732469315854346
4.396986663090998,-1.4591758857637807,-0.1255879960479892,-0.027404562956032077,0.12854320216238926,4.730512415377215,4.732258558749737
4.396986663090998,-1.3549490404727225,-0.11800351590411919,-0.024850013081142,0.12059167846856862,4.730512415377215,4.73204924582932
4.396986663090998,-1.2507221951816652,-0.11002088904795732,-0.022428100085812863,0.11228363950443614,4.730512415377215,4.731844812305063
4.396986663090998,-1.146495349890607,-0.10169651773626194,-0.02015355332444851,0.10367423706631859,4.730512415377215,4.731648344865588
4.396986663090998,-1.0422685045995488,-0.09308423347266535,-0.018039459358339248,0.09481612001729899,4.730512415377215,4.731462544356989
4.396986663090998,-0.9380416593084915,-0.08423458150939196,-0.016097273227682132,0.08575888832901842,4.730512415377215,4.731289707782161
4.396986663090998,-0.8338148140174333,-0.07519421136684502,-0.014336862112871458,0.07654877555079019,4.730512415377215,4.731131727935326
4.396986663090998,-0.7295879687263751,-0.06600537093949643,-0.012766577543311031,0.0672286731613074,4.730512415377215,4.730990108479726
4.396986663090998,-0.6253611234353178,-0.056705498859521544,-0.011393352092819784,0.05783875926070821,4.730512415377215,4.730865991984004
4.396986663090998,-0.5211342781442596,-0.047326907385716495,-0.01022281645098904,0.04841840702549805,4.730512415377215,4.730760198337775
4.396986663090998,-0.4169074328532023,-0.03789654618966091,-0.009259432846075439,0.03901134847369524,4.730512415377215,4.7306732710416295
4.396986663090998,-0.3126805875621441,-0.028435836111605092,-0.008506640916685739,0.029680965534353766,4.730512415377215,4.730605529079024
4.396986663090998,-0.20845374227108593,-0.018960561735187266,-0.007967011547599316,0.020566384570785124,4.730512415377215,4.730557122391853
4.396986663090998,-0.10422689698002863,-0.009480815060290266,-0.007642397176139997,0.012177523919307215,4.730512415377215,4.730528089349727
4.396986663090998,-5.1688970437169246e-08,-1.0428157724785088e-06,-0.007534024446405917,0.007534024518576158,4.730512415377215,4.730518414884718
4.396986663090998,0.10422679360208775,0.009478729237727006,-0.007642370857295815,0.012175883552440257,4.730512415377215,4.73052808512731
4.396986663090998,0.20845363889314505,0.018958475781427075,-0.00796695905123737,0.02056444116622307,4.730512415377215,4.730557113943183
4.396986663090998,0.31268048418420324,0.02843375101362626,-0.008506562461361616,0.029678945426243483,4.730512415377215,4.730605516404807
4.396986663090998,0.41690732947526143,0.03789446390552508,-0.009259328720501824,0.0390093009811949,4.730512415377215,4.73067325415749
4.396986663090998,0.5211341747663187,0.047324830841924195,-0.010222687030941488,0.04841634996929569,4.730512415377215,4.730760177284654
4.396986663090998,0.6253610200573769,0.056703431940390694,-0.011393197862379528,0.05783670245916384,4.730512415377215,4.730865966838347
4.396986663090998,0.7295878653484342,0.06600331846855992,-0.01276639911644693,0.06722662415488792,4.730512415377215,4.730990079363223
4.396986663090998,0.8338147106394924,0.07519217907870686,-0.014336660254093593,0.07654674141885877,4.730512415377215,4.731131695023911
4.396986663090998,0.9380415559305506,0.08423257601027863,-0.01609704887187643,0.08575687636400328,4.730512415377215,4.73128967131391
4.396986663090998,1.042268401221608,0.09308226218844441,-0.018039213629300777,0.0948141379883921,4.730512415377215,4.731462504638546
4.396986663090998,1.146495246512666,0.10169458884685345,-0.020153287551749725,0.10367229330864675,4.730512415377215,4.731648302276686
4.396986663090998,1.2507220918037243,0.11001901140722423,-0.022427815819675564,0.11228174292138603,4.730512415377215,4.731844767300744
4.396986663090998,1.3549489370947825,0.11800169894463992,-0.02484971210485241,0.12058983848366114,4.730512415377215,4.73204919893945
4.396986663090998,1.4591757823858398,0.1255862496713501,-0.027404247295465863,0.1285414286381855,4.730512415377215,4.732258510575508
4.396986663090998,1.563402627676897,0.13271451150927965,-0.030075074045998528,0.13607957835038664,4.730512415377215,4.732469267061541
4.396986663090998,1.6676294729679562,0.13932750305273459,-0.032844289985324474,0.14314643024382356,4.730512415377215,4.732677742307152
4.396986663090998,1.7718563182590135,0.14536642613436326,-0.03569254162161245,0.14968418545219742,4.730512415377215,4.732879997148931
4.396986663090998,1.8760831635500708,0.1507737569247576,-0.038599170009619016,0.15563618378332644,4.730512415377215,4.7330719763955225
4.396986663090998,1.9803100088411298,0.1554943981754979,-0.0415423981179296,0.16094806213604698,4.730512415377215,4.7332496226951015
4.396986663090998,2.084536854132187,0.1594768710417049,-0.04449955859132817,0.1655689678414274,4.730512415377215,4.73340900357766
4.396986663090998,2.1887636994232444,0.16267452110271785,-0.04744735928962204,0.16945280086076206,4.730512415377215,4.733546446773025
4.396986663090998,2.2929905447143035,0.16504670996424864,-0.05036218265429354,0.17255945616432394,4.730512415377215,4.733658677804062
4.396986663090998,2.397217390005361,0.1665599614158087,-0.05322041365994028,0.1748560355749004,4.730512415377215,4.733742953014554
4.396986663090998,2.501444235296418,0.1671890297916587,-0.05599878991024228,0.1763179972495366,4.730512415377215,4.733797180719941
4.396986663090998,2.605671080587477,0.16691785823128996,-0.05867476643693642,0.1769302111369058,4.730512415377215,4.733820023157929
4.396986663090998,2.7098979258785345,0.1657403964120986,-0.06122688724522338,0.17668789071291469,4.730512415377215,4.733810972436749
4.396986663090998,2.814124771169592,0.16366125240299614,-0.06363515738046532,0.17559737695351205,4.730512415377215,4.733770394815419
4.396986663090998,2.918351616460649,0.16069614518625372,-0.0658813990961464,0.17367673944598125,4.730512415377215,4.7336995386127505
4.396986663090998,3.022578461751708,0.15687215004246477,-0.06794959554824206,0.17095619027726155,4.730512415377215,4.733600503953845
4.396986663090998,3.1268053070427655,0.15222773815259466,-0.06982623248298173,0.16747831801705657,4.730512415377215,4.733476174973716
4.396986663090998,3.231032152333823,0.14681260156868237,-0.07150062805160046,0.1632981316216998,4.730512415377215,4.733330116506677
4.396986663090998,3.335258997624882,0.14068729175833047,-0.07296525960967135,0.1584829428430717,4.730512415377215,4.733166440683253
4.396986663090998,3.439485842915939,0.13392274518040487,-0.07421609607665669,0.15311215037845688,4.730512415377215,4.732989651650581
4.396986663090998,3.5437126882069965,0.1265999875318029,-0.07525304623593883,0.14727721416037512,4.730512415377215,4.732804484642147
4.396986663090998,3.6479395334980556,0.1188102526731433,-0.07608088313563793,0.14108216371659016,4.730512415377215,4.7326157554735975
4.396986663090998,3.752166378789113,0.1106566747178018,-0.07671084926834142,0.1346456611074846,4.730512415377215,4.732428252609124
4.396986663090998,3.85639322408017,0.10226975941205169,-0.07717364138065161,0.12812054719734986,4.730512415377215,4.732247096956384
4.396986663090998,3.9606200693712292,0.09393856451398935,-0.07763536385713912,0.12186756592374906,4.730512415377215,4.732081932475615
4.396986663090998,4.0648469146622865,0.08597145094710974,-0.07833149093891574,0.11630525719271995,4.730512415377215,4.731941950709945
4.396986663090998,4.169073759953344,0.0784594912258597,-0.07925043255931127,0.11151915900085822,4.730512415377215,4.731826733394011
4.396986663090998,4.273300605244403,0.0713924892382333,-0.08036032049748154,0.10749264453947167,4.730512415377215,4.731733549204569
4.396986663090998,4.37752745053546,0.06475808516086705,-0.08163053729986393,0.1041976689449749,4.730512415377215,4.731659842618819
4.396986663090998,4.4817542958265175,0.05854449578573231,-0.0830339400484934,0.10159770266488521,4.730512415377215,4.731603301759855
4.396986663090998,4.585981141117577,0.052740347376036334,-0.0845468370342101,0.0996479397370275,4.730512415377215,4.731561837695013
4.396986663090998,4.690207986408634,0.047334853233499966,-0.08614849374360768,0.09829624257787983,4.730512415377215,4.731533563586219
4.396986663090998,4.794434831699691,0.04231797113141023,-0.08782056634324795,0.09748467855785177,4.730512415377215,4.731516773149124
4.396986663090998,4.89866167699075,0.03768046460889677,-0.08954656101398153,0.09715144879296983,4.730512415377215,4.731509919258391
4.396986663090998,5.002888522281808,0.03341387922414174,-0.09131134153710314,0.09723295952562089,4.730512415377215,4.731511593608969
4.396986663090998,5.107115367572865,0.029510450178048143,-0.09310069117289997,0.09766578401150916,4.730512415377215,4.731520507976749
4.396986663090998,5.211342212863924,0.02596295416104134,-0.09490093137766067,0.09838832128416357,4.730512415377215,4.731535477390304
4.396986663090998,5.315569058154981,0.022764515813968864,-0.09669859915870348,0.09934204678533681,4.730512415377215,4.73155540539234
4.396986663090998,5.419795903446039,0.019908377860214207,-0.09848018489013069,0.10047233611805487,4.730512415377215,4.731579271486741
4.396986663090998,5.524022748737096,0.017387643388146794,-0.1002319326876702,0.10172890677137454,4.730512415377215,4.731606120812559
4.396986663090998,5.628249594028155,0.01519499878844963,-0.10193970572673636,0.10306595748274301,4.730512415377215,4.731635056048787
4.396986663090998,5.732476439319212,0.013322426399500152,-0.10358891898473767,0.10444209487365065,4.730512415377215,4.731665231524687
4.396986663090998,5.8367032846102695,0.01176091688790694,-0.10516454160496856,0.10582013030150463,4.730512415377215,4.731695849483038
4.396986663090998,5.940930129901329,0.010500192639061025,-0.10665117023730074,0.1071668146323436,4.730512415377215,4.731726158411581
4.396986663090998,6.045156975192386,0.009528454737106642,-0.10803317317125509,0.10845256085094293,4.730512415377215,4.731755453316782
4.396986663090998,6.149383820483443,0.00883216719931333,-0.1092949027746382,0.10965118763585847,4.730512415377215,4.731783077761271
4.396986663090998,6.253610665774502,0.00839589268652757,-0.11042097071428564,0.11073970285082407,4.730512415377215,4.731808427422381
4.396986663090998,6.35783751106556,0.008202193633935092,-0.1113965768176117,0.1116981347520657,4.730512415377215,4.7318309548572275
4.396986663090998,6.462064356356617,0.00823161143232462,-0.1122078785059157,0.1125094103867366,4.730512415377215,4.731850175086226
4.396986663090998,6.566291201647676,0.008462734628948709,-0.11284238386530808,0.11315927480240208,4.730512415377215,4.7318656715413825
4.396986663090998,6.670518046938733,0.008789120760451208,-0.11328934786334473,0.1136297715523697,4.730512415377215,4.731876946521435
